sources,destinations,w,timestamps,edge_idxs,review_date
0.0,1.0,2.321928094887362,929232000.0,1.0,1999-06-13
2.0,3.0,1.0,930787200.0,2.0,1999-07-01
4.0,1.0,1.0,931824000.0,3.0,1999-07-13
5.0,6.0,2.0,931824000.0,4.0,1999-07-13
7.0,8.0,1.584962500721156,931824000.0,5.0,1999-07-13
9.0,10.0,2.321928094887362,931910400.0,6.0,1999-07-14
11.0,12.0,2.321928094887362,931996800.0,7.0,1999-07-15
11.0,13.0,2.321928094887362,931996800.0,8.0,1999-07-15
14.0,15.0,2.321928094887362,932688000.0,9.0,1999-07-23
16.0,17.0,2.321928094887362,932688000.0,10.0,1999-07-23
18.0,19.0,2.321928094887362,935280000.0,11.0,1999-08-22
20.0,10.0,2.321928094887362,935452800.0,12.0,1999-08-24
21.0,13.0,2.0,936230400.0,13.0,1999-09-02
22.0,23.0,2.321928094887362,936921600.0,14.0,1999-09-10
24.0,25.0,2.321928094887362,937785600.0,15.0,1999-09-20
26.0,27.0,2.321928094887362,937958400.0,16.0,1999-09-22
28.0,29.0,0.0,939513600.0,17.0,1999-10-10
30.0,31.0,1.584962500721156,939772800.0,18.0,1999-10-13
32.0,33.0,2.0,940118400.0,19.0,1999-10-17
34.0,35.0,2.0,940291200.0,20.0,1999-10-19
36.0,37.0,2.0,940291200.0,21.0,1999-10-19
38.0,15.0,2.0,940377600.0,22.0,1999-10-20
39.0,40.0,2.0,940636800.0,23.0,1999-10-23
41.0,42.0,2.321928094887362,940723200.0,24.0,1999-10-24
43.0,23.0,2.321928094887362,940723200.0,25.0,1999-10-24
44.0,45.0,1.0,940809600.0,26.0,1999-10-25
11.0,27.0,2.0,940896000.0,27.0,1999-10-26
18.0,46.0,2.0,941500800.0,28.0,1999-11-02
47.0,40.0,2.321928094887362,941673600.0,29.0,1999-11-04
48.0,49.0,2.0,941673600.0,30.0,1999-11-04
50.0,51.0,1.0,941760000.0,31.0,1999-11-05
52.0,53.0,1.584962500721156,941760000.0,32.0,1999-11-05
54.0,55.0,2.321928094887362,942105600.0,33.0,1999-11-09
56.0,51.0,2.0,942364800.0,34.0,1999-11-12
57.0,17.0,2.0,942364800.0,35.0,1999-11-12
58.0,59.0,2.321928094887362,942451200.0,36.0,1999-11-13
60.0,51.0,2.0,942451200.0,37.0,1999-11-13
61.0,27.0,0.0,942624000.0,38.0,1999-11-15
62.0,63.0,0.0,942796800.0,39.0,1999-11-17
64.0,65.0,2.0,943056000.0,40.0,1999-11-20
66.0,12.0,2.0,943142400.0,41.0,1999-11-21
67.0,51.0,2.0,943142400.0,42.0,1999-11-21
68.0,40.0,2.321928094887362,943315200.0,43.0,1999-11-23
69.0,13.0,2.321928094887362,943315200.0,44.0,1999-11-23
70.0,71.0,2.321928094887362,943574400.0,45.0,1999-11-26
72.0,73.0,2.321928094887362,943574400.0,46.0,1999-11-26
74.0,75.0,2.321928094887362,943574400.0,47.0,1999-11-26
76.0,40.0,2.321928094887362,943574400.0,48.0,1999-11-26
77.0,78.0,2.0,943574400.0,49.0,1999-11-26
79.0,80.0,2.0,943660800.0,50.0,1999-11-27
81.0,82.0,2.321928094887362,943660800.0,51.0,1999-11-27
83.0,84.0,2.321928094887362,943660800.0,52.0,1999-11-27
85.0,86.0,2.321928094887362,943833600.0,53.0,1999-11-29
87.0,88.0,1.584962500721156,943833600.0,54.0,1999-11-29
89.0,51.0,1.0,943920000.0,55.0,1999-11-30
66.0,90.0,2.321928094887362,944006400.0,56.0,1999-12-01
91.0,1.0,1.0,944006400.0,57.0,1999-12-01
92.0,45.0,2.321928094887362,944006400.0,58.0,1999-12-01
93.0,94.0,1.584962500721156,944006400.0,59.0,1999-12-01
95.0,27.0,2.0,944092800.0,60.0,1999-12-02
74.0,96.0,2.0,944179200.0,61.0,1999-12-03
97.0,98.0,1.0,944265600.0,62.0,1999-12-04
99.0,100.0,2.321928094887362,944265600.0,63.0,1999-12-04
66.0,101.0,2.321928094887362,944352000.0,64.0,1999-12-05
102.0,80.0,2.0,944438400.0,65.0,1999-12-06
93.0,103.0,1.0,944524800.0,66.0,1999-12-07
104.0,105.0,2.0,944524800.0,67.0,1999-12-07
106.0,107.0,2.321928094887362,944524800.0,68.0,1999-12-07
108.0,80.0,2.321928094887362,944611200.0,69.0,1999-12-08
102.0,109.0,2.321928094887362,944697600.0,70.0,1999-12-09
83.0,110.0,2.321928094887362,944784000.0,71.0,1999-12-10
111.0,112.0,2.0,944784000.0,72.0,1999-12-10
66.0,113.0,2.321928094887362,944784000.0,73.0,1999-12-10
39.0,33.0,2.321928094887362,945043200.0,74.0,1999-12-13
39.0,40.0,2.321928094887362,945043200.0,75.0,1999-12-13
114.0,115.0,2.321928094887362,945129600.0,76.0,1999-12-14
116.0,117.0,2.321928094887362,945129600.0,77.0,1999-12-14
114.0,118.0,2.321928094887362,945129600.0,78.0,1999-12-14
119.0,98.0,1.0,945129600.0,79.0,1999-12-14
120.0,121.0,1.0,945216000.0,80.0,1999-12-15
122.0,123.0,2.321928094887362,945216000.0,81.0,1999-12-15
124.0,125.0,2.321928094887362,945216000.0,82.0,1999-12-15
126.0,127.0,2.321928094887362,945216000.0,83.0,1999-12-15
128.0,129.0,2.321928094887362,945302400.0,84.0,1999-12-16
130.0,131.0,2.321928094887362,945302400.0,85.0,1999-12-16
132.0,133.0,0.0,945388800.0,86.0,1999-12-17
134.0,78.0,2.0,945388800.0,87.0,1999-12-17
104.0,135.0,2.321928094887362,945561600.0,88.0,1999-12-19
136.0,98.0,2.321928094887362,945561600.0,89.0,1999-12-19
83.0,137.0,2.321928094887362,945561600.0,90.0,1999-12-19
83.0,138.0,2.321928094887362,945561600.0,91.0,1999-12-19
139.0,140.0,1.584962500721156,945561600.0,92.0,1999-12-19
141.0,142.0,2.0,945648000.0,93.0,1999-12-20
124.0,143.0,0.0,945734400.0,94.0,1999-12-21
124.0,144.0,2.0,945734400.0,95.0,1999-12-21
145.0,146.0,1.584962500721156,945734400.0,96.0,1999-12-21
147.0,148.0,2.0,945734400.0,97.0,1999-12-21
149.0,31.0,2.321928094887362,945734400.0,98.0,1999-12-21
150.0,151.0,2.321928094887362,945820800.0,99.0,1999-12-22
152.0,153.0,2.0,945820800.0,100.0,1999-12-22
91.0,154.0,2.321928094887362,945907200.0,101.0,1999-12-23
83.0,155.0,2.321928094887362,945907200.0,102.0,1999-12-23
156.0,78.0,2.321928094887362,945993600.0,103.0,1999-12-24
157.0,158.0,2.321928094887362,945993600.0,104.0,1999-12-24
159.0,13.0,2.321928094887362,946080000.0,105.0,1999-12-25
160.0,161.0,2.0,946252800.0,106.0,1999-12-27
162.0,163.0,2.321928094887362,946252800.0,107.0,1999-12-27
164.0,78.0,2.321928094887362,946252800.0,108.0,1999-12-27
165.0,166.0,1.584962500721156,946425600.0,109.0,1999-12-29
167.0,168.0,2.321928094887362,946425600.0,110.0,1999-12-29
169.0,98.0,2.321928094887362,946425600.0,111.0,1999-12-29
170.0,171.0,2.321928094887362,946512000.0,112.0,1999-12-30
172.0,173.0,2.321928094887362,946598400.0,113.0,1999-12-31
172.0,86.0,2.321928094887362,946598400.0,114.0,1999-12-31
172.0,27.0,2.321928094887362,946598400.0,115.0,1999-12-31
83.0,174.0,2.321928094887362,946684800.0,116.0,2000-01-01
159.0,153.0,0.0,946771200.0,117.0,2000-01-02
126.0,175.0,2.0,946771200.0,118.0,2000-01-02
176.0,177.0,2.0,946771200.0,119.0,2000-01-02
178.0,177.0,2.321928094887362,946857600.0,120.0,2000-01-03
179.0,180.0,0.0,947030400.0,121.0,2000-01-05
181.0,174.0,2.321928094887362,947116800.0,122.0,2000-01-06
182.0,183.0,2.321928094887362,947116800.0,123.0,2000-01-06
184.0,185.0,2.321928094887362,947116800.0,124.0,2000-01-06
186.0,187.0,2.0,947203200.0,125.0,2000-01-07
188.0,118.0,2.321928094887362,947289600.0,126.0,2000-01-08
126.0,189.0,2.321928094887362,947462400.0,127.0,2000-01-10
190.0,191.0,2.321928094887362,947462400.0,128.0,2000-01-10
192.0,193.0,2.0,947548800.0,129.0,2000-01-11
124.0,123.0,2.0,947548800.0,130.0,2000-01-11
194.0,195.0,2.0,947635200.0,131.0,2000-01-12
196.0,197.0,2.321928094887362,947721600.0,132.0,2000-01-13
198.0,51.0,2.0,947721600.0,133.0,2000-01-13
199.0,200.0,1.0,948067200.0,134.0,2000-01-17
201.0,202.0,2.321928094887362,948067200.0,135.0,2000-01-17
203.0,204.0,2.321928094887362,948067200.0,136.0,2000-01-17
203.0,205.0,2.0,948067200.0,137.0,2000-01-17
206.0,207.0,1.584962500721156,948153600.0,138.0,2000-01-18
208.0,142.0,2.321928094887362,948326400.0,139.0,2000-01-20
209.0,210.0,2.0,948326400.0,140.0,2000-01-20
199.0,40.0,2.321928094887362,948499200.0,141.0,2000-01-22
199.0,211.0,2.321928094887362,948499200.0,142.0,2000-01-22
212.0,161.0,2.321928094887362,948585600.0,143.0,2000-01-23
213.0,214.0,0.0,948585600.0,144.0,2000-01-23
215.0,216.0,1.584962500721156,948758400.0,145.0,2000-01-25
215.0,217.0,2.321928094887362,948758400.0,146.0,2000-01-25
218.0,143.0,2.321928094887362,948844800.0,147.0,2000-01-26
218.0,219.0,2.321928094887362,948844800.0,148.0,2000-01-26
220.0,221.0,0.0,948931200.0,149.0,2000-01-27
220.0,180.0,2.321928094887362,948931200.0,150.0,2000-01-27
222.0,17.0,2.321928094887362,948931200.0,151.0,2000-01-27
223.0,224.0,2.321928094887362,949017600.0,152.0,2000-01-28
225.0,226.0,2.0,949017600.0,153.0,2000-01-28
227.0,78.0,2.0,949104000.0,154.0,2000-01-29
228.0,13.0,2.321928094887362,949190400.0,155.0,2000-01-30
229.0,131.0,2.321928094887362,949276800.0,156.0,2000-01-31
102.0,230.0,2.321928094887362,949276800.0,157.0,2000-01-31
231.0,1.0,2.321928094887362,949363200.0,158.0,2000-02-01
232.0,233.0,2.321928094887362,949449600.0,159.0,2000-02-02
234.0,235.0,2.321928094887362,949449600.0,160.0,2000-02-02
236.0,210.0,2.321928094887362,949536000.0,161.0,2000-02-03
237.0,238.0,1.584962500721156,949622400.0,162.0,2000-02-04
126.0,239.0,1.0,949708800.0,163.0,2000-02-05
240.0,98.0,2.321928094887362,949708800.0,164.0,2000-02-05
215.0,115.0,2.321928094887362,949881600.0,165.0,2000-02-07
215.0,118.0,2.321928094887362,949881600.0,166.0,2000-02-07
241.0,140.0,2.321928094887362,949881600.0,167.0,2000-02-07
242.0,63.0,2.0,949968000.0,168.0,2000-02-08
243.0,244.0,0.0,949968000.0,169.0,2000-02-08
245.0,84.0,1.584962500721156,950140800.0,170.0,2000-02-10
246.0,247.0,1.584962500721156,950140800.0,171.0,2000-02-10
245.0,248.0,0.0,950140800.0,172.0,2000-02-10
231.0,249.0,2.321928094887362,950227200.0,173.0,2000-02-11
250.0,251.0,2.0,950313600.0,174.0,2000-02-12
252.0,247.0,2.0,950486400.0,175.0,2000-02-14
253.0,17.0,2.321928094887362,950486400.0,176.0,2000-02-14
254.0,107.0,2.321928094887362,950486400.0,177.0,2000-02-14
102.0,142.0,2.321928094887362,950486400.0,178.0,2000-02-14
255.0,1.0,1.584962500721156,950486400.0,179.0,2000-02-14
256.0,107.0,2.321928094887362,950745600.0,180.0,2000-02-17
257.0,249.0,2.0,950918400.0,181.0,2000-02-19
258.0,82.0,2.0,951004800.0,182.0,2000-02-20
159.0,259.0,1.0,951004800.0,183.0,2000-02-20
260.0,261.0,2.321928094887362,951177600.0,184.0,2000-02-22
262.0,221.0,2.321928094887362,951264000.0,185.0,2000-02-23
102.0,263.0,1.584962500721156,951436800.0,186.0,2000-02-25
264.0,265.0,2.321928094887362,951523200.0,187.0,2000-02-26
266.0,263.0,1.584962500721156,951696000.0,188.0,2000-02-28
267.0,1.0,2.0,951782400.0,189.0,2000-02-29
268.0,269.0,2.321928094887362,952128000.0,190.0,2000-03-04
225.0,270.0,2.321928094887362,952214400.0,191.0,2000-03-05
271.0,272.0,1.0,952300800.0,192.0,2000-03-06
273.0,274.0,2.321928094887362,952387200.0,193.0,2000-03-07
275.0,276.0,2.0,952387200.0,194.0,2000-03-07
277.0,278.0,2.321928094887362,952387200.0,195.0,2000-03-07
225.0,279.0,2.321928094887362,952387200.0,196.0,2000-03-07
277.0,100.0,2.321928094887362,952387200.0,197.0,2000-03-07
277.0,280.0,2.321928094887362,952387200.0,198.0,2000-03-07
281.0,282.0,1.0,952473600.0,199.0,2000-03-08
283.0,31.0,2.321928094887362,952560000.0,200.0,2000-03-09
275.0,63.0,2.0,952646400.0,201.0,2000-03-10
284.0,285.0,1.584962500721156,952819200.0,202.0,2000-03-12
286.0,249.0,2.0,952905600.0,203.0,2000-03-13
287.0,154.0,1.0,952992000.0,204.0,2000-03-14
288.0,263.0,2.321928094887362,953078400.0,205.0,2000-03-15
289.0,290.0,2.321928094887362,953078400.0,206.0,2000-03-15
291.0,63.0,2.0,953251200.0,207.0,2000-03-17
292.0,293.0,1.0,953251200.0,208.0,2000-03-17
294.0,295.0,2.321928094887362,953337600.0,209.0,2000-03-18
296.0,297.0,2.321928094887362,953510400.0,210.0,2000-03-20
298.0,299.0,2.321928094887362,953856000.0,211.0,2000-03-24
300.0,301.0,1.0,953942400.0,212.0,2000-03-25
302.0,303.0,2.0,954115200.0,213.0,2000-03-27
304.0,63.0,1.0,954115200.0,214.0,2000-03-27
305.0,306.0,2.321928094887362,954288000.0,215.0,2000-03-29
307.0,308.0,2.321928094887362,954460800.0,216.0,2000-03-31
309.0,310.0,2.321928094887362,954460800.0,217.0,2000-03-31
294.0,311.0,2.0,954633600.0,218.0,2000-04-02
294.0,173.0,1.0,954633600.0,219.0,2000-04-02
312.0,274.0,2.0,954720000.0,220.0,2000-04-03
313.0,314.0,2.0,954806400.0,221.0,2000-04-04
315.0,107.0,2.321928094887362,954806400.0,222.0,2000-04-04
159.0,316.0,2.321928094887362,954892800.0,223.0,2000-04-05
317.0,78.0,2.321928094887362,955152000.0,224.0,2000-04-08
318.0,31.0,2.321928094887362,955238400.0,225.0,2000-04-09
318.0,45.0,0.0,955238400.0,226.0,2000-04-09
225.0,319.0,2.0,955324800.0,227.0,2000-04-10
320.0,321.0,2.321928094887362,955411200.0,228.0,2000-04-11
102.0,322.0,2.0,955497600.0,229.0,2000-04-12
318.0,323.0,2.321928094887362,955756800.0,230.0,2000-04-15
324.0,325.0,2.321928094887362,955843200.0,231.0,2000-04-16
298.0,326.0,2.321928094887362,955843200.0,232.0,2000-04-16
327.0,328.0,2.321928094887362,956016000.0,233.0,2000-04-18
329.0,330.0,2.0,956102400.0,234.0,2000-04-19
331.0,332.0,2.321928094887362,956102400.0,235.0,2000-04-19
333.0,10.0,2.321928094887362,956188800.0,236.0,2000-04-20
334.0,335.0,0.0,956361600.0,237.0,2000-04-22
334.0,336.0,2.321928094887362,956361600.0,238.0,2000-04-22
337.0,338.0,2.321928094887362,956448000.0,239.0,2000-04-23
339.0,151.0,2.321928094887362,956534400.0,240.0,2000-04-24
340.0,328.0,2.0,956534400.0,241.0,2000-04-24
341.0,45.0,2.321928094887362,956534400.0,242.0,2000-04-24
18.0,86.0,2.321928094887362,956620800.0,243.0,2000-04-25
342.0,247.0,2.321928094887362,956620800.0,244.0,2000-04-25
343.0,86.0,2.0,956707200.0,245.0,2000-04-26
307.0,86.0,2.321928094887362,956707200.0,246.0,2000-04-26
344.0,345.0,2.321928094887362,956707200.0,247.0,2000-04-26
182.0,346.0,2.321928094887362,956707200.0,248.0,2000-04-26
289.0,123.0,2.321928094887362,956707200.0,249.0,2000-04-26
347.0,348.0,2.321928094887362,956793600.0,250.0,2000-04-27
349.0,350.0,2.321928094887362,956880000.0,251.0,2000-04-28
132.0,351.0,2.0,956880000.0,252.0,2000-04-28
352.0,123.0,2.0,956880000.0,253.0,2000-04-28
353.0,336.0,2.321928094887362,956880000.0,254.0,2000-04-28
132.0,350.0,1.584962500721156,956880000.0,255.0,2000-04-28
354.0,345.0,2.321928094887362,956880000.0,256.0,2000-04-28
355.0,129.0,1.584962500721156,956966400.0,257.0,2000-04-29
355.0,19.0,2.0,956966400.0,258.0,2000-04-29
245.0,345.0,2.321928094887362,956966400.0,259.0,2000-04-29
355.0,356.0,2.0,956966400.0,260.0,2000-04-29
18.0,357.0,2.321928094887362,956966400.0,261.0,2000-04-29
355.0,358.0,2.0,956966400.0,262.0,2000-04-29
347.0,359.0,2.321928094887362,956966400.0,263.0,2000-04-29
294.0,360.0,2.0,957052800.0,264.0,2000-04-30
361.0,362.0,2.321928094887362,957052800.0,265.0,2000-04-30
361.0,363.0,2.0,957052800.0,266.0,2000-04-30
361.0,364.0,2.321928094887362,957052800.0,267.0,2000-04-30
365.0,135.0,2.0,957052800.0,268.0,2000-04-30
245.0,366.0,2.321928094887362,957139200.0,269.0,2000-05-01
367.0,78.0,2.321928094887362,957225600.0,270.0,2000-05-02
294.0,244.0,2.0,957225600.0,271.0,2000-05-02
164.0,350.0,2.321928094887362,957225600.0,272.0,2000-05-02
368.0,113.0,2.321928094887362,957225600.0,273.0,2000-05-02
368.0,173.0,2.321928094887362,957225600.0,274.0,2000-05-02
102.0,369.0,2.0,957225600.0,275.0,2000-05-02
294.0,370.0,2.0,957225600.0,276.0,2000-05-02
347.0,244.0,2.0,957312000.0,277.0,2000-05-03
132.0,371.0,2.0,957312000.0,278.0,2000-05-03
347.0,45.0,2.321928094887362,957312000.0,279.0,2000-05-03
372.0,299.0,2.0,957312000.0,280.0,2000-05-03
372.0,373.0,2.0,957312000.0,281.0,2000-05-03
361.0,78.0,2.0,957398400.0,282.0,2000-05-04
374.0,375.0,0.0,957484800.0,283.0,2000-05-05
376.0,325.0,1.584962500721156,957484800.0,284.0,2000-05-05
377.0,33.0,2.321928094887362,957484800.0,285.0,2000-05-05
378.0,350.0,2.0,957484800.0,286.0,2000-05-05
83.0,350.0,2.321928094887362,957657600.0,287.0,2000-05-07
379.0,346.0,2.321928094887362,957657600.0,288.0,2000-05-07
380.0,381.0,2.321928094887362,957744000.0,289.0,2000-05-08
382.0,362.0,2.0,957744000.0,290.0,2000-05-08
102.0,73.0,2.0,957744000.0,291.0,2000-05-08
383.0,384.0,2.0,957830400.0,292.0,2000-05-09
385.0,386.0,2.321928094887362,957916800.0,293.0,2000-05-10
387.0,23.0,1.584962500721156,958003200.0,294.0,2000-05-11
388.0,27.0,2.0,958089600.0,295.0,2000-05-12
372.0,389.0,2.0,958089600.0,296.0,2000-05-12
390.0,73.0,2.0,958089600.0,297.0,2000-05-12
391.0,285.0,2.0,958176000.0,298.0,2000-05-13
391.0,392.0,1.584962500721156,958176000.0,299.0,2000-05-13
387.0,350.0,2.321928094887362,958262400.0,300.0,2000-05-14
393.0,394.0,2.321928094887362,958262400.0,301.0,2000-05-14
395.0,396.0,2.321928094887362,958348800.0,302.0,2000-05-15
397.0,217.0,2.321928094887362,958348800.0,303.0,2000-05-15
398.0,274.0,2.0,958348800.0,304.0,2000-05-15
182.0,45.0,2.321928094887362,958348800.0,305.0,2000-05-15
399.0,78.0,2.321928094887362,958348800.0,306.0,2000-05-15
400.0,401.0,2.321928094887362,958435200.0,307.0,2000-05-16
383.0,402.0,1.584962500721156,958435200.0,308.0,2000-05-16
286.0,301.0,1.584962500721156,958521600.0,309.0,2000-05-17
403.0,23.0,2.321928094887362,958521600.0,310.0,2000-05-17
355.0,404.0,2.321928094887362,958521600.0,311.0,2000-05-17
286.0,319.0,2.0,958521600.0,312.0,2000-05-17
18.0,310.0,1.584962500721156,958521600.0,313.0,2000-05-17
286.0,405.0,2.0,958521600.0,314.0,2000-05-17
406.0,75.0,2.321928094887362,958521600.0,315.0,2000-05-17
315.0,274.0,2.321928094887362,958608000.0,316.0,2000-05-18
315.0,297.0,1.584962500721156,958608000.0,317.0,2000-05-18
407.0,325.0,2.321928094887362,958608000.0,318.0,2000-05-18
315.0,408.0,2.321928094887362,958608000.0,319.0,2000-05-18
409.0,410.0,2.0,958608000.0,320.0,2000-05-18
411.0,412.0,2.321928094887362,958608000.0,321.0,2000-05-18
413.0,247.0,2.0,958694400.0,322.0,2000-05-19
414.0,325.0,2.321928094887362,958694400.0,323.0,2000-05-19
415.0,416.0,2.321928094887362,958694400.0,324.0,2000-05-19
417.0,185.0,1.584962500721156,958694400.0,325.0,2000-05-19
417.0,187.0,2.321928094887362,958694400.0,326.0,2000-05-19
387.0,418.0,2.0,958694400.0,327.0,2000-05-19
415.0,109.0,2.321928094887362,958694400.0,328.0,2000-05-19
387.0,419.0,2.321928094887362,958694400.0,329.0,2000-05-19
387.0,420.0,2.321928094887362,958694400.0,330.0,2000-05-19
294.0,421.0,1.584962500721156,958694400.0,331.0,2000-05-19
422.0,423.0,0.0,958780800.0,332.0,2000-05-20
387.0,424.0,2.321928094887362,958780800.0,333.0,2000-05-20
102.0,425.0,1.584962500721156,958780800.0,334.0,2000-05-20
406.0,426.0,2.0,958867200.0,335.0,2000-05-21
427.0,428.0,2.0,958953600.0,336.0,2000-05-22
355.0,429.0,0.0,958953600.0,337.0,2000-05-22
430.0,431.0,2.321928094887362,959040000.0,338.0,2000-05-23
91.0,88.0,1.584962500721156,959126400.0,339.0,2000-05-24
277.0,432.0,2.321928094887362,959126400.0,340.0,2000-05-24
433.0,51.0,2.321928094887362,959126400.0,341.0,2000-05-24
434.0,435.0,2.321928094887362,959126400.0,342.0,2000-05-24
18.0,27.0,2.0,959126400.0,343.0,2000-05-24
18.0,436.0,2.0,959126400.0,344.0,2000-05-24
437.0,363.0,1.584962500721156,959212800.0,345.0,2000-05-25
438.0,439.0,2.321928094887362,959212800.0,346.0,2000-05-25
440.0,217.0,2.0,959299200.0,347.0,2000-05-26
383.0,441.0,2.321928094887362,959299200.0,348.0,2000-05-26
415.0,442.0,2.321928094887362,959299200.0,349.0,2000-05-26
383.0,332.0,2.321928094887362,959299200.0,350.0,2000-05-26
443.0,345.0,2.0,959299200.0,351.0,2000-05-26
406.0,109.0,2.0,959385600.0,352.0,2000-05-27
126.0,444.0,2.0,959385600.0,353.0,2000-05-27
104.0,445.0,1.584962500721156,959385600.0,354.0,2000-05-27
446.0,447.0,2.321928094887362,959385600.0,355.0,2000-05-27
104.0,426.0,2.0,959385600.0,356.0,2000-05-27
104.0,448.0,1.584962500721156,959472000.0,357.0,2000-05-28
449.0,450.0,2.0,959472000.0,358.0,2000-05-28
451.0,345.0,2.321928094887362,959558400.0,359.0,2000-05-29
452.0,453.0,2.321928094887362,959558400.0,360.0,2000-05-29
452.0,454.0,2.321928094887362,959558400.0,361.0,2000-05-29
452.0,455.0,1.0,959558400.0,362.0,2000-05-29
452.0,456.0,2.321928094887362,959558400.0,363.0,2000-05-29
452.0,457.0,2.321928094887362,959558400.0,364.0,2000-05-29
452.0,458.0,2.321928094887362,959558400.0,365.0,2000-05-29
452.0,459.0,2.321928094887362,959558400.0,366.0,2000-05-29
452.0,460.0,2.321928094887362,959558400.0,367.0,2000-05-29
461.0,462.0,2.0,959644800.0,368.0,2000-05-30
225.0,109.0,1.0,959731200.0,369.0,2000-05-31
111.0,450.0,2.321928094887362,959731200.0,370.0,2000-05-31
245.0,463.0,2.321928094887362,959817600.0,371.0,2000-06-01
347.0,464.0,1.0,959817600.0,372.0,2000-06-01
399.0,465.0,0.0,959817600.0,373.0,2000-06-01
466.0,98.0,0.0,959817600.0,374.0,2000-06-01
387.0,467.0,2.321928094887362,959817600.0,375.0,2000-06-01
468.0,301.0,2.0,959817600.0,376.0,2000-06-01
469.0,470.0,2.321928094887362,959904000.0,377.0,2000-06-02
471.0,472.0,0.0,959904000.0,378.0,2000-06-02
437.0,328.0,2.321928094887362,959904000.0,379.0,2000-06-02
473.0,474.0,2.0,959904000.0,380.0,2000-06-02
403.0,464.0,0.0,959990400.0,381.0,2000-06-03
422.0,330.0,2.321928094887362,959990400.0,382.0,2000-06-03
475.0,476.0,2.321928094887362,959990400.0,383.0,2000-06-03
403.0,477.0,2.321928094887362,959990400.0,384.0,2000-06-03
478.0,479.0,2.0,960076800.0,385.0,2000-06-04
480.0,359.0,2.321928094887362,960076800.0,386.0,2000-06-04
481.0,78.0,2.0,960076800.0,387.0,2000-06-04
430.0,123.0,2.321928094887362,960076800.0,388.0,2000-06-04
347.0,410.0,2.0,960163200.0,389.0,2000-06-05
482.0,293.0,0.0,960163200.0,390.0,2000-06-05
347.0,483.0,2.0,960163200.0,391.0,2000-06-05
484.0,485.0,2.321928094887362,960163200.0,392.0,2000-06-05
399.0,63.0,2.0,960163200.0,393.0,2000-06-05
478.0,98.0,0.0,960163200.0,394.0,2000-06-05
486.0,487.0,2.321928094887362,960163200.0,395.0,2000-06-05
488.0,474.0,2.0,960249600.0,396.0,2000-06-06
427.0,174.0,2.0,960249600.0,397.0,2000-06-06
427.0,489.0,2.321928094887362,960249600.0,398.0,2000-06-06
490.0,350.0,2.0,960249600.0,399.0,2000-06-06
277.0,432.0,2.321928094887362,960249600.0,400.0,2000-06-06
383.0,248.0,0.0,960249600.0,401.0,2000-06-06
491.0,492.0,2.0,960336000.0,402.0,2000-06-07
294.0,493.0,1.584962500721156,960336000.0,403.0,2000-06-07
427.0,494.0,2.321928094887362,960422400.0,404.0,2000-06-08
159.0,495.0,2.321928094887362,960422400.0,405.0,2000-06-08
427.0,109.0,2.321928094887362,960422400.0,406.0,2000-06-08
383.0,496.0,2.0,960422400.0,407.0,2000-06-08
497.0,98.0,2.0,960508800.0,408.0,2000-06-09
498.0,499.0,2.0,960508800.0,409.0,2000-06-09
500.0,19.0,2.321928094887362,960595200.0,410.0,2000-06-10
501.0,502.0,2.0,960595200.0,411.0,2000-06-10
437.0,503.0,2.0,960681600.0,412.0,2000-06-11
504.0,505.0,2.321928094887362,960768000.0,413.0,2000-06-12
506.0,507.0,2.321928094887362,960854400.0,414.0,2000-06-13
508.0,509.0,2.321928094887362,960854400.0,415.0,2000-06-13
294.0,360.0,2.0,960854400.0,416.0,2000-06-13
510.0,1.0,1.584962500721156,961027200.0,417.0,2000-06-15
511.0,512.0,1.584962500721156,961027200.0,418.0,2000-06-15
513.0,514.0,2.0,961027200.0,419.0,2000-06-15
498.0,515.0,1.584962500721156,961027200.0,420.0,2000-06-15
516.0,517.0,2.0,961027200.0,421.0,2000-06-15
245.0,518.0,1.584962500721156,961113600.0,422.0,2000-06-16
245.0,110.0,2.0,961113600.0,423.0,2000-06-16
245.0,519.0,2.0,961113600.0,424.0,2000-06-16
520.0,521.0,2.321928094887362,961113600.0,425.0,2000-06-16
522.0,523.0,2.321928094887362,961113600.0,426.0,2000-06-16
524.0,525.0,2.321928094887362,961113600.0,427.0,2000-06-16
395.0,526.0,2.0,961113600.0,428.0,2000-06-16
500.0,526.0,2.321928094887362,961200000.0,429.0,2000-06-17
403.0,63.0,0.0,961200000.0,430.0,2000-06-17
527.0,528.0,1.584962500721156,961200000.0,431.0,2000-06-17
527.0,345.0,2.321928094887362,961200000.0,432.0,2000-06-17
500.0,529.0,2.321928094887362,961200000.0,433.0,2000-06-17
530.0,408.0,2.321928094887362,961200000.0,434.0,2000-06-17
500.0,531.0,2.321928094887362,961200000.0,435.0,2000-06-17
532.0,533.0,2.321928094887362,961200000.0,436.0,2000-06-17
530.0,534.0,1.584962500721156,961286400.0,437.0,2000-06-18
406.0,113.0,1.584962500721156,961286400.0,438.0,2000-06-18
500.0,535.0,1.584962500721156,961286400.0,439.0,2000-06-18
406.0,536.0,2.0,961286400.0,440.0,2000-06-18
352.0,78.0,2.321928094887362,961286400.0,441.0,2000-06-18
537.0,174.0,2.321928094887362,961372800.0,442.0,2000-06-19
488.0,154.0,2.0,961372800.0,443.0,2000-06-19
538.0,539.0,2.321928094887362,961459200.0,444.0,2000-06-20
500.0,63.0,2.321928094887362,961545600.0,445.0,2000-06-21
540.0,541.0,1.584962500721156,961545600.0,446.0,2000-06-21
542.0,543.0,2.0,961545600.0,447.0,2000-06-21
544.0,545.0,2.321928094887362,961632000.0,448.0,2000-06-22
546.0,547.0,2.321928094887362,961718400.0,449.0,2000-06-23
548.0,549.0,2.321928094887362,961718400.0,450.0,2000-06-23
550.0,31.0,2.321928094887362,961718400.0,451.0,2000-06-23
298.0,551.0,2.321928094887362,961718400.0,452.0,2000-06-23
552.0,553.0,2.321928094887362,961804800.0,453.0,2000-06-24
554.0,483.0,1.584962500721156,961804800.0,454.0,2000-06-24
0.0,325.0,2.321928094887362,961804800.0,455.0,2000-06-24
555.0,556.0,2.321928094887362,961804800.0,456.0,2000-06-24
557.0,359.0,1.584962500721156,961804800.0,457.0,2000-06-24
558.0,559.0,2.0,961891200.0,458.0,2000-06-25
558.0,219.0,2.0,961891200.0,459.0,2000-06-25
558.0,560.0,2.321928094887362,961891200.0,460.0,2000-06-25
522.0,359.0,2.321928094887362,961977600.0,461.0,2000-06-26
522.0,543.0,2.321928094887362,961977600.0,462.0,2000-06-26
561.0,562.0,2.321928094887362,962064000.0,463.0,2000-06-27
380.0,563.0,2.321928094887362,962064000.0,464.0,2000-06-27
11.0,564.0,2.321928094887362,962064000.0,465.0,2000-06-27
565.0,350.0,2.321928094887362,962064000.0,466.0,2000-06-27
566.0,345.0,2.321928094887362,962236800.0,467.0,2000-06-29
415.0,567.0,2.321928094887362,962236800.0,468.0,2000-06-29
568.0,310.0,1.584962500721156,962236800.0,469.0,2000-06-29
558.0,31.0,2.0,962236800.0,470.0,2000-06-29
415.0,569.0,2.0,962236800.0,471.0,2000-06-29
570.0,325.0,2.321928094887362,962236800.0,472.0,2000-06-29
571.0,306.0,2.321928094887362,962323200.0,473.0,2000-06-30
558.0,140.0,1.0,962323200.0,474.0,2000-06-30
572.0,573.0,2.321928094887362,962323200.0,475.0,2000-06-30
574.0,575.0,2.0,962409600.0,476.0,2000-07-01
361.0,576.0,2.321928094887362,962496000.0,477.0,2000-07-02
361.0,577.0,2.321928094887362,962496000.0,478.0,2000-07-02
578.0,394.0,2.321928094887362,962496000.0,479.0,2000-07-02
579.0,580.0,0.0,962496000.0,480.0,2000-07-02
581.0,394.0,2.321928094887362,962496000.0,481.0,2000-07-02
558.0,582.0,2.0,962582400.0,482.0,2000-07-03
583.0,584.0,2.321928094887362,962582400.0,483.0,2000-07-03
585.0,477.0,2.321928094887362,962582400.0,484.0,2000-07-03
586.0,432.0,1.584962500721156,962755200.0,485.0,2000-07-05
552.0,587.0,2.321928094887362,962755200.0,486.0,2000-07-05
588.0,63.0,1.0,962755200.0,487.0,2000-07-05
589.0,297.0,1.0,962755200.0,488.0,2000-07-05
586.0,345.0,0.0,962755200.0,489.0,2000-07-05
590.0,591.0,2.321928094887362,962841600.0,490.0,2000-07-06
592.0,593.0,2.321928094887362,962841600.0,491.0,2000-07-06
294.0,78.0,2.0,962841600.0,492.0,2000-07-06
594.0,595.0,2.321928094887362,962841600.0,493.0,2000-07-06
596.0,597.0,0.0,962928000.0,494.0,2000-07-07
589.0,598.0,2.321928094887362,963014400.0,495.0,2000-07-08
395.0,599.0,2.321928094887362,963014400.0,496.0,2000-07-08
600.0,601.0,1.0,963014400.0,497.0,2000-07-08
234.0,602.0,2.321928094887362,963014400.0,498.0,2000-07-08
481.0,350.0,2.321928094887362,963014400.0,499.0,2000-07-08
603.0,604.0,2.321928094887362,963014400.0,500.0,2000-07-08
605.0,394.0,1.584962500721156,963100800.0,501.0,2000-07-09
558.0,606.0,1.0,963100800.0,502.0,2000-07-09
607.0,244.0,2.321928094887362,963100800.0,503.0,2000-07-09
558.0,608.0,1.584962500721156,963100800.0,504.0,2000-07-09
383.0,247.0,2.321928094887362,963100800.0,505.0,2000-07-09
609.0,610.0,2.321928094887362,963100800.0,506.0,2000-07-09
353.0,611.0,2.321928094887362,963187200.0,507.0,2000-07-10
353.0,612.0,2.321928094887362,963187200.0,508.0,2000-07-10
353.0,350.0,2.321928094887362,963187200.0,509.0,2000-07-10
353.0,249.0,2.321928094887362,963187200.0,510.0,2000-07-10
613.0,614.0,1.584962500721156,963187200.0,511.0,2000-07-10
615.0,616.0,1.0,963187200.0,512.0,2000-07-10
617.0,325.0,2.321928094887362,963187200.0,513.0,2000-07-10
353.0,618.0,2.321928094887362,963187200.0,514.0,2000-07-10
619.0,620.0,2.0,963273600.0,515.0,2000-07-11
621.0,622.0,2.321928094887362,963273600.0,516.0,2000-07-11
245.0,503.0,2.321928094887362,963273600.0,517.0,2000-07-11
558.0,623.0,2.0,963360000.0,518.0,2000-07-12
383.0,624.0,2.321928094887362,963360000.0,519.0,2000-07-12
625.0,626.0,2.0,963360000.0,520.0,2000-07-12
558.0,627.0,2.0,963360000.0,521.0,2000-07-12
383.0,628.0,2.321928094887362,963360000.0,522.0,2000-07-12
625.0,629.0,2.0,963360000.0,523.0,2000-07-12
630.0,631.0,2.321928094887362,963446400.0,524.0,2000-07-13
397.0,632.0,1.584962500721156,963446400.0,525.0,2000-07-13
633.0,274.0,2.321928094887362,963446400.0,526.0,2000-07-13
625.0,363.0,2.321928094887362,963446400.0,527.0,2000-07-13
625.0,412.0,1.584962500721156,963446400.0,528.0,2000-07-13
634.0,274.0,2.321928094887362,963446400.0,529.0,2000-07-13
500.0,635.0,2.321928094887362,963532800.0,530.0,2000-07-14
427.0,636.0,2.321928094887362,963532800.0,531.0,2000-07-14
637.0,638.0,1.0,963619200.0,532.0,2000-07-15
639.0,51.0,2.321928094887362,963619200.0,533.0,2000-07-15
558.0,640.0,1.584962500721156,963792000.0,534.0,2000-07-17
558.0,641.0,2.0,963792000.0,535.0,2000-07-17
642.0,643.0,2.0,963792000.0,536.0,2000-07-17
558.0,644.0,2.0,963792000.0,537.0,2000-07-17
558.0,645.0,1.584962500721156,963792000.0,538.0,2000-07-17
586.0,319.0,1.584962500721156,963878400.0,539.0,2000-07-18
646.0,647.0,2.0,963878400.0,540.0,2000-07-18
586.0,562.0,2.321928094887362,963878400.0,541.0,2000-07-18
613.0,614.0,2.0,963878400.0,542.0,2000-07-18
413.0,648.0,2.0,963964800.0,543.0,2000-07-19
554.0,649.0,2.321928094887362,963964800.0,544.0,2000-07-19
413.0,12.0,2.0,963964800.0,545.0,2000-07-19
126.0,551.0,2.321928094887362,963964800.0,546.0,2000-07-19
650.0,84.0,1.584962500721156,964051200.0,547.0,2000-07-20
651.0,78.0,2.0,964051200.0,548.0,2000-07-20
652.0,653.0,2.0,964051200.0,549.0,2000-07-20
654.0,655.0,2.321928094887362,964137600.0,550.0,2000-07-21
654.0,656.0,2.321928094887362,964137600.0,551.0,2000-07-21
344.0,657.0,1.584962500721156,964137600.0,552.0,2000-07-21
9.0,533.0,2.321928094887362,964137600.0,553.0,2000-07-21
383.0,658.0,2.0,964224000.0,554.0,2000-07-22
659.0,458.0,2.321928094887362,964224000.0,555.0,2000-07-22
660.0,661.0,2.321928094887362,964310400.0,556.0,2000-07-23
383.0,63.0,2.0,964310400.0,557.0,2000-07-23
662.0,663.0,1.0,964310400.0,558.0,2000-07-23
198.0,664.0,2.321928094887362,964310400.0,559.0,2000-07-23
665.0,666.0,2.321928094887362,964396800.0,560.0,2000-07-24
667.0,668.0,2.0,964396800.0,561.0,2000-07-24
353.0,493.0,2.321928094887362,964483200.0,562.0,2000-07-25
353.0,396.0,2.321928094887362,964483200.0,563.0,2000-07-25
669.0,325.0,2.0,964483200.0,564.0,2000-07-25
234.0,63.0,2.321928094887362,964569600.0,565.0,2000-07-26
670.0,671.0,0.0,964569600.0,566.0,2000-07-26
613.0,672.0,2.0,964569600.0,567.0,2000-07-26
673.0,640.0,2.321928094887362,964569600.0,568.0,2000-07-26
674.0,675.0,0.0,964569600.0,569.0,2000-07-26
676.0,587.0,2.321928094887362,964656000.0,570.0,2000-07-27
677.0,19.0,2.0,964742400.0,571.0,2000-07-28
678.0,463.0,2.321928094887362,964742400.0,572.0,2000-07-28
679.0,675.0,2.0,964828800.0,573.0,2000-07-29
234.0,680.0,2.321928094887362,964828800.0,574.0,2000-07-29
681.0,682.0,1.0,964915200.0,575.0,2000-07-30
550.0,683.0,2.0,965001600.0,576.0,2000-07-31
550.0,647.0,2.0,965001600.0,577.0,2000-07-31
684.0,685.0,2.321928094887362,965001600.0,578.0,2000-07-31
686.0,274.0,2.0,965088000.0,579.0,2000-08-01
687.0,688.0,2.0,965088000.0,580.0,2000-08-01
689.0,306.0,2.321928094887362,965088000.0,581.0,2000-08-01
669.0,78.0,2.321928094887362,965088000.0,582.0,2000-08-01
687.0,690.0,2.321928094887362,965088000.0,583.0,2000-08-01
637.0,63.0,0.0,965088000.0,584.0,2000-08-01
669.0,174.0,2.321928094887362,965088000.0,585.0,2000-08-01
691.0,274.0,2.0,965088000.0,586.0,2000-08-01
692.0,350.0,1.584962500721156,965088000.0,587.0,2000-08-01
669.0,185.0,2.321928094887362,965088000.0,588.0,2000-08-01
669.0,100.0,2.321928094887362,965088000.0,589.0,2000-08-01
669.0,185.0,2.321928094887362,965088000.0,590.0,2000-08-01
669.0,100.0,2.321928094887362,965088000.0,591.0,2000-08-01
693.0,587.0,2.321928094887362,965174400.0,592.0,2000-08-02
694.0,401.0,2.321928094887362,965174400.0,593.0,2000-08-02
225.0,657.0,2.0,965174400.0,594.0,2000-08-02
695.0,274.0,2.321928094887362,965260800.0,595.0,2000-08-03
696.0,680.0,2.321928094887362,965260800.0,596.0,2000-08-03
695.0,697.0,2.321928094887362,965260800.0,597.0,2000-08-03
695.0,698.0,2.321928094887362,965260800.0,598.0,2000-08-03
695.0,699.0,2.321928094887362,965260800.0,599.0,2000-08-03
700.0,59.0,2.0,965347200.0,600.0,2000-08-04
701.0,345.0,1.584962500721156,965347200.0,601.0,2000-08-04
427.0,702.0,2.321928094887362,965347200.0,602.0,2000-08-04
695.0,345.0,0.0,965347200.0,603.0,2000-08-04
703.0,690.0,2.321928094887362,965433600.0,604.0,2000-08-05
679.0,310.0,1.0,965433600.0,605.0,2000-08-05
704.0,705.0,0.0,965520000.0,606.0,2000-08-06
706.0,526.0,2.321928094887362,965520000.0,607.0,2000-08-06
707.0,610.0,2.0,965520000.0,608.0,2000-08-06
524.0,708.0,2.0,965606400.0,609.0,2000-08-07
695.0,709.0,2.0,965606400.0,610.0,2000-08-07
695.0,710.0,0.0,965606400.0,611.0,2000-08-07
524.0,711.0,2.0,965606400.0,612.0,2000-08-07
695.0,712.0,2.321928094887362,965606400.0,613.0,2000-08-07
695.0,713.0,2.321928094887362,965606400.0,614.0,2000-08-07
695.0,714.0,2.321928094887362,965606400.0,615.0,2000-08-07
524.0,350.0,2.321928094887362,965606400.0,616.0,2000-08-07
715.0,716.0,2.0,965606400.0,617.0,2000-08-07
717.0,328.0,2.321928094887362,965692800.0,618.0,2000-08-08
406.0,718.0,2.321928094887362,965692800.0,619.0,2000-08-08
719.0,720.0,2.0,965692800.0,620.0,2000-08-08
721.0,722.0,2.321928094887362,965692800.0,621.0,2000-08-08
669.0,151.0,2.0,965865600.0,622.0,2000-08-10
669.0,723.0,2.0,965865600.0,623.0,2000-08-10
524.0,632.0,2.321928094887362,965865600.0,624.0,2000-08-10
245.0,217.0,2.321928094887362,965865600.0,625.0,2000-08-10
669.0,724.0,1.584962500721156,965865600.0,626.0,2000-08-10
669.0,725.0,2.321928094887362,965865600.0,627.0,2000-08-10
726.0,727.0,1.584962500721156,965865600.0,628.0,2000-08-10
372.0,702.0,2.0,965865600.0,629.0,2000-08-10
728.0,394.0,0.0,965865600.0,630.0,2000-08-10
669.0,531.0,2.321928094887362,965865600.0,631.0,2000-08-10
524.0,345.0,2.321928094887362,965952000.0,632.0,2000-08-11
729.0,730.0,2.0,965952000.0,633.0,2000-08-11
731.0,732.0,2.321928094887362,965952000.0,634.0,2000-08-11
731.0,515.0,2.0,965952000.0,635.0,2000-08-11
524.0,63.0,2.321928094887362,965952000.0,636.0,2000-08-11
524.0,560.0,2.321928094887362,965952000.0,637.0,2000-08-11
731.0,733.0,1.584962500721156,965952000.0,638.0,2000-08-11
731.0,734.0,2.321928094887362,965952000.0,639.0,2000-08-11
731.0,494.0,2.321928094887362,965952000.0,640.0,2000-08-11
735.0,556.0,2.321928094887362,966038400.0,641.0,2000-08-12
736.0,737.0,2.321928094887362,966038400.0,642.0,2000-08-12
738.0,608.0,2.0,966038400.0,643.0,2000-08-12
736.0,739.0,2.0,966038400.0,644.0,2000-08-12
550.0,725.0,2.0,966124800.0,645.0,2000-08-13
740.0,741.0,2.321928094887362,966124800.0,646.0,2000-08-13
550.0,423.0,1.584962500721156,966124800.0,647.0,2000-08-13
742.0,743.0,1.584962500721156,966124800.0,648.0,2000-08-13
11.0,86.0,2.0,966211200.0,649.0,2000-08-14
11.0,187.0,2.0,966211200.0,650.0,2000-08-14
11.0,744.0,2.0,966211200.0,651.0,2000-08-14
736.0,745.0,2.321928094887362,966211200.0,652.0,2000-08-14
746.0,747.0,1.0,966297600.0,653.0,2000-08-15
748.0,587.0,2.321928094887362,966297600.0,654.0,2000-08-15
749.0,750.0,1.584962500721156,966297600.0,655.0,2000-08-15
751.0,306.0,2.321928094887362,966297600.0,656.0,2000-08-15
565.0,752.0,2.321928094887362,966297600.0,657.0,2000-08-15
625.0,412.0,1.584962500721156,966297600.0,658.0,2000-08-15
234.0,753.0,2.321928094887362,966297600.0,659.0,2000-08-15
754.0,755.0,2.0,966384000.0,660.0,2000-08-16
736.0,311.0,2.321928094887362,966384000.0,661.0,2000-08-16
225.0,756.0,2.321928094887362,966384000.0,662.0,2000-08-16
757.0,601.0,2.0,966384000.0,663.0,2000-08-16
758.0,759.0,1.0,966384000.0,664.0,2000-08-16
669.0,560.0,2.0,966470400.0,665.0,2000-08-17
630.0,682.0,2.321928094887362,966470400.0,666.0,2000-08-17
760.0,761.0,0.0,966556800.0,667.0,2000-08-18
225.0,762.0,2.0,966556800.0,668.0,2000-08-18
372.0,763.0,2.0,966556800.0,669.0,2000-08-18
764.0,345.0,2.321928094887362,966556800.0,670.0,2000-08-18
765.0,766.0,2.321928094887362,966556800.0,671.0,2000-08-18
220.0,655.0,2.321928094887362,966643200.0,672.0,2000-08-19
220.0,656.0,2.321928094887362,966643200.0,673.0,2000-08-19
767.0,547.0,2.0,966643200.0,674.0,2000-08-19
403.0,533.0,2.321928094887362,966643200.0,675.0,2000-08-19
594.0,362.0,1.584962500721156,966643200.0,676.0,2000-08-19
767.0,768.0,2.0,966643200.0,677.0,2000-08-19
225.0,123.0,1.0,966643200.0,678.0,2000-08-19
220.0,769.0,2.321928094887362,966643200.0,679.0,2000-08-19
558.0,770.0,1.584962500721156,966729600.0,680.0,2000-08-20
558.0,771.0,2.0,966729600.0,681.0,2000-08-20
679.0,772.0,2.321928094887362,966729600.0,682.0,2000-08-20
558.0,620.0,2.0,966729600.0,683.0,2000-08-20
773.0,743.0,2.321928094887362,966816000.0,684.0,2000-08-21
774.0,174.0,2.0,966816000.0,685.0,2000-08-21
550.0,775.0,2.321928094887362,966816000.0,686.0,2000-08-21
776.0,27.0,2.0,966816000.0,687.0,2000-08-21
777.0,778.0,2.0,966816000.0,688.0,2000-08-21
779.0,663.0,2.321928094887362,966816000.0,689.0,2000-08-21
234.0,668.0,2.0,966902400.0,690.0,2000-08-22
736.0,780.0,2.321928094887362,966902400.0,691.0,2000-08-22
758.0,781.0,2.321928094887362,966988800.0,692.0,2000-08-23
669.0,782.0,1.0,966988800.0,693.0,2000-08-23
91.0,569.0,1.584962500721156,966988800.0,694.0,2000-08-23
783.0,78.0,2.321928094887362,967075200.0,695.0,2000-08-24
758.0,759.0,0.0,967075200.0,696.0,2000-08-24
11.0,784.0,2.321928094887362,967075200.0,697.0,2000-08-24
372.0,785.0,2.321928094887362,967161600.0,698.0,2000-08-25
361.0,786.0,0.0,967161600.0,699.0,2000-08-25
225.0,787.0,2.321928094887362,967161600.0,700.0,2000-08-25
788.0,741.0,2.0,967161600.0,701.0,2000-08-25
736.0,789.0,2.321928094887362,967161600.0,702.0,2000-08-25
736.0,790.0,1.584962500721156,967161600.0,703.0,2000-08-25
791.0,432.0,2.321928094887362,967161600.0,704.0,2000-08-25
378.0,612.0,2.321928094887362,967248000.0,705.0,2000-08-26
361.0,792.0,2.321928094887362,967248000.0,706.0,2000-08-26
793.0,794.0,2.321928094887362,967334400.0,707.0,2000-08-27
795.0,6.0,2.321928094887362,967334400.0,708.0,2000-08-27
500.0,796.0,2.321928094887362,967334400.0,709.0,2000-08-27
797.0,350.0,2.321928094887362,967420800.0,710.0,2000-08-28
798.0,78.0,1.584962500721156,967420800.0,711.0,2000-08-28
478.0,799.0,0.0,967420800.0,712.0,2000-08-28
740.0,800.0,2.321928094887362,967507200.0,713.0,2000-08-29
740.0,612.0,2.321928094887362,967507200.0,714.0,2000-08-29
801.0,123.0,2.321928094887362,967593600.0,715.0,2000-08-30
802.0,492.0,2.321928094887362,967593600.0,716.0,2000-08-30
803.0,804.0,2.321928094887362,967680000.0,717.0,2000-08-31
245.0,805.0,2.321928094887362,967680000.0,718.0,2000-08-31
22.0,63.0,2.0,967766400.0,719.0,2000-09-01
806.0,807.0,2.0,967766400.0,720.0,2000-09-01
808.0,421.0,2.321928094887362,967852800.0,721.0,2000-09-02
809.0,6.0,2.321928094887362,967852800.0,722.0,2000-09-02
810.0,811.0,2.321928094887362,967939200.0,723.0,2000-09-03
400.0,812.0,2.321928094887362,967939200.0,724.0,2000-09-03
561.0,813.0,2.321928094887362,967939200.0,725.0,2000-09-03
814.0,815.0,2.321928094887362,967939200.0,726.0,2000-09-03
816.0,817.0,2.321928094887362,968025600.0,727.0,2000-09-04
818.0,238.0,2.321928094887362,968025600.0,728.0,2000-09-04
819.0,820.0,0.0,968025600.0,729.0,2000-09-04
307.0,187.0,2.321928094887362,968025600.0,730.0,2000-09-04
413.0,821.0,1.584962500721156,968025600.0,731.0,2000-09-04
726.0,78.0,2.0,968025600.0,732.0,2000-09-04
822.0,533.0,2.321928094887362,968025600.0,733.0,2000-09-04
289.0,815.0,2.321928094887362,968025600.0,734.0,2000-09-04
801.0,725.0,2.321928094887362,968112000.0,735.0,2000-09-05
801.0,350.0,2.321928094887362,968112000.0,736.0,2000-09-05
68.0,325.0,2.321928094887362,968112000.0,737.0,2000-09-05
823.0,824.0,2.0,968112000.0,738.0,2000-09-05
500.0,249.0,2.321928094887362,968112000.0,739.0,2000-09-05
554.0,86.0,2.0,968112000.0,740.0,2000-09-05
679.0,274.0,1.584962500721156,968112000.0,741.0,2000-09-05
68.0,328.0,2.321928094887362,968112000.0,742.0,2000-09-05
825.0,78.0,0.0,968112000.0,743.0,2000-09-05
826.0,827.0,2.321928094887362,968112000.0,744.0,2000-09-05
828.0,829.0,2.321928094887362,968198400.0,745.0,2000-09-06
830.0,831.0,1.0,968198400.0,746.0,2000-09-06
832.0,829.0,2.321928094887362,968284800.0,747.0,2000-09-07
833.0,328.0,2.0,968284800.0,748.0,2000-09-07
669.0,602.0,2.321928094887362,968284800.0,749.0,2000-09-07
522.0,618.0,2.321928094887362,968371200.0,750.0,2000-09-08
522.0,405.0,2.321928094887362,968371200.0,751.0,2000-09-08
834.0,835.0,2.321928094887362,968371200.0,752.0,2000-09-08
522.0,836.0,2.321928094887362,968371200.0,753.0,2000-09-08
225.0,837.0,0.0,968457600.0,754.0,2000-09-09
225.0,838.0,1.584962500721156,968457600.0,755.0,2000-09-09
225.0,163.0,2.321928094887362,968457600.0,756.0,2000-09-09
234.0,839.0,2.321928094887362,968544000.0,757.0,2000-09-10
840.0,841.0,2.321928094887362,968544000.0,758.0,2000-09-10
501.0,408.0,2.321928094887362,968716800.0,759.0,2000-09-12
842.0,442.0,2.321928094887362,968803200.0,760.0,2000-09-13
437.0,843.0,2.0,968803200.0,761.0,2000-09-13
844.0,657.0,1.584962500721156,968803200.0,762.0,2000-09-13
845.0,846.0,1.584962500721156,968889600.0,763.0,2000-09-14
847.0,848.0,0.0,968976000.0,764.0,2000-09-15
847.0,325.0,2.321928094887362,968976000.0,765.0,2000-09-15
849.0,274.0,2.321928094887362,968976000.0,766.0,2000-09-15
850.0,851.0,2.321928094887362,968976000.0,767.0,2000-09-15
679.0,78.0,1.584962500721156,969062400.0,768.0,2000-09-16
679.0,602.0,2.0,969062400.0,769.0,2000-09-16
300.0,528.0,0.0,969062400.0,770.0,2000-09-16
810.0,345.0,2.321928094887362,969148800.0,771.0,2000-09-17
852.0,853.0,1.0,969235200.0,772.0,2000-09-18
854.0,855.0,2.0,969235200.0,773.0,2000-09-18
856.0,857.0,2.0,969235200.0,774.0,2000-09-18
858.0,608.0,2.0,969235200.0,775.0,2000-09-18
859.0,860.0,2.321928094887362,969321600.0,776.0,2000-09-19
850.0,861.0,2.321928094887362,969321600.0,777.0,2000-09-19
546.0,855.0,2.0,969321600.0,778.0,2000-09-19
862.0,690.0,2.321928094887362,969321600.0,779.0,2000-09-19
803.0,863.0,1.0,969321600.0,780.0,2000-09-19
864.0,533.0,2.321928094887362,969321600.0,781.0,2000-09-19
18.0,635.0,2.321928094887362,969408000.0,782.0,2000-09-20
865.0,861.0,2.321928094887362,969408000.0,783.0,2000-09-20
18.0,866.0,2.321928094887362,969408000.0,784.0,2000-09-20
760.0,359.0,2.321928094887362,969408000.0,785.0,2000-09-20
669.0,560.0,2.0,969408000.0,786.0,2000-09-20
669.0,560.0,2.0,969408000.0,787.0,2000-09-20
91.0,489.0,2.321928094887362,969494400.0,788.0,2000-09-21
867.0,868.0,2.0,969494400.0,789.0,2000-09-21
869.0,846.0,2.321928094887362,969494400.0,790.0,2000-09-21
870.0,591.0,2.321928094887362,969580800.0,791.0,2000-09-22
870.0,871.0,2.321928094887362,969580800.0,792.0,2000-09-22
83.0,351.0,2.321928094887362,969580800.0,793.0,2000-09-22
83.0,872.0,2.321928094887362,969580800.0,794.0,2000-09-22
873.0,610.0,2.321928094887362,969580800.0,795.0,2000-09-22
870.0,426.0,2.0,969580800.0,796.0,2000-09-22
696.0,49.0,2.321928094887362,969667200.0,797.0,2000-09-23
874.0,875.0,1.584962500721156,969667200.0,798.0,2000-09-23
810.0,813.0,2.0,969753600.0,799.0,2000-09-24
583.0,861.0,1.584962500721156,969753600.0,800.0,2000-09-24
378.0,301.0,2.321928094887362,969753600.0,801.0,2000-09-24
498.0,876.0,2.321928094887362,969753600.0,802.0,2000-09-24
877.0,878.0,2.0,969840000.0,803.0,2000-09-25
679.0,63.0,2.0,969840000.0,804.0,2000-09-25
365.0,135.0,2.321928094887362,969926400.0,805.0,2000-09-26
879.0,744.0,2.321928094887362,969926400.0,806.0,2000-09-26
880.0,301.0,2.321928094887362,969926400.0,807.0,2000-09-26
810.0,881.0,2.0,970012800.0,808.0,2000-09-27
882.0,883.0,0.0,970012800.0,809.0,2000-09-27
884.0,533.0,2.321928094887362,970012800.0,810.0,2000-09-27
885.0,872.0,2.0,970012800.0,811.0,2000-09-27
372.0,325.0,2.0,970012800.0,812.0,2000-09-27
679.0,350.0,2.321928094887362,970099200.0,813.0,2000-09-28
172.0,886.0,2.321928094887362,970099200.0,814.0,2000-09-28
887.0,345.0,2.321928094887362,970185600.0,815.0,2000-09-29
399.0,861.0,1.584962500721156,970185600.0,816.0,2000-09-29
888.0,889.0,2.0,970185600.0,817.0,2000-09-29
498.0,78.0,2.321928094887362,970272000.0,818.0,2000-09-30
749.0,12.0,2.321928094887362,970358400.0,819.0,2000-10-01
406.0,827.0,2.321928094887362,970358400.0,820.0,2000-10-01
890.0,610.0,2.321928094887362,970358400.0,821.0,2000-10-01
891.0,892.0,2.321928094887362,970444800.0,822.0,2000-10-02
891.0,790.0,2.321928094887362,970444800.0,823.0,2000-10-02
893.0,526.0,2.321928094887362,970444800.0,824.0,2000-10-02
891.0,894.0,2.321928094887362,970444800.0,825.0,2000-10-02
893.0,895.0,2.321928094887362,970444800.0,826.0,2000-10-02
594.0,896.0,2.0,970444800.0,827.0,2000-10-02
897.0,898.0,2.321928094887362,970444800.0,828.0,2000-10-02
679.0,827.0,2.321928094887362,970444800.0,829.0,2000-10-02
899.0,900.0,0.0,970531200.0,830.0,2000-10-03
899.0,901.0,2.321928094887362,970531200.0,831.0,2000-10-03
902.0,345.0,2.321928094887362,970531200.0,832.0,2000-10-03
903.0,680.0,2.321928094887362,970531200.0,833.0,2000-10-03
899.0,904.0,2.0,970531200.0,834.0,2000-10-03
905.0,533.0,2.321928094887362,970617600.0,835.0,2000-10-04
906.0,84.0,2.321928094887362,970704000.0,836.0,2000-10-05
893.0,907.0,2.321928094887362,970704000.0,837.0,2000-10-05
893.0,908.0,2.0,970704000.0,838.0,2000-10-05
909.0,345.0,2.321928094887362,970704000.0,839.0,2000-10-05
893.0,910.0,2.321928094887362,970790400.0,840.0,2000-10-06
893.0,911.0,2.321928094887362,970790400.0,841.0,2000-10-06
893.0,462.0,1.584962500721156,970790400.0,842.0,2000-10-06
893.0,912.0,1.584962500721156,970790400.0,843.0,2000-10-06
913.0,394.0,0.0,970790400.0,844.0,2000-10-06
893.0,910.0,2.321928094887362,970790400.0,845.0,2000-10-06
914.0,690.0,2.321928094887362,970790400.0,846.0,2000-10-06
893.0,338.0,2.0,970790400.0,847.0,2000-10-06
915.0,916.0,2.321928094887362,970876800.0,848.0,2000-10-07
917.0,918.0,2.321928094887362,970876800.0,849.0,2000-10-07
919.0,920.0,1.0,970963200.0,850.0,2000-10-08
383.0,861.0,2.0,970963200.0,851.0,2000-10-08
234.0,921.0,2.321928094887362,970963200.0,852.0,2000-10-08
922.0,923.0,2.0,970963200.0,853.0,2000-10-08
924.0,925.0,2.321928094887362,970963200.0,854.0,2000-10-08
760.0,926.0,2.0,971049600.0,855.0,2000-10-09
927.0,450.0,0.0,971049600.0,856.0,2000-10-09
928.0,685.0,2.0,971049600.0,857.0,2000-10-09
929.0,930.0,2.0,971049600.0,858.0,2000-10-09
160.0,274.0,2.321928094887362,971136000.0,859.0,2000-10-10
893.0,931.0,2.0,971136000.0,860.0,2000-10-10
893.0,932.0,2.0,971136000.0,861.0,2000-10-10
893.0,933.0,2.321928094887362,971136000.0,862.0,2000-10-10
934.0,904.0,2.0,971136000.0,863.0,2000-10-10
893.0,935.0,2.0,971136000.0,864.0,2000-10-10
893.0,821.0,2.321928094887362,971136000.0,865.0,2000-10-10
934.0,359.0,2.321928094887362,971136000.0,866.0,2000-10-10
936.0,937.0,2.321928094887362,971222400.0,867.0,2000-10-11
899.0,938.0,2.321928094887362,971222400.0,868.0,2000-10-11
939.0,824.0,2.321928094887362,971222400.0,869.0,2000-10-11
940.0,591.0,2.0,971222400.0,870.0,2000-10-11
941.0,274.0,2.321928094887362,971222400.0,871.0,2000-10-11
942.0,612.0,2.321928094887362,971308800.0,872.0,2000-10-12
899.0,943.0,2.321928094887362,971308800.0,873.0,2000-10-12
942.0,944.0,2.321928094887362,971308800.0,874.0,2000-10-12
945.0,752.0,2.321928094887362,971308800.0,875.0,2000-10-12
634.0,946.0,2.321928094887362,971308800.0,876.0,2000-10-12
679.0,947.0,2.0,971308800.0,877.0,2000-10-12
679.0,901.0,2.321928094887362,971395200.0,878.0,2000-10-13
948.0,949.0,2.321928094887362,971395200.0,879.0,2000-10-13
950.0,951.0,2.321928094887362,971395200.0,880.0,2000-10-13
950.0,896.0,2.321928094887362,971395200.0,881.0,2000-10-13
18.0,952.0,2.321928094887362,971395200.0,882.0,2000-10-13
950.0,836.0,2.321928094887362,971395200.0,883.0,2000-10-13
899.0,953.0,0.0,971481600.0,884.0,2000-10-14
899.0,954.0,1.0,971481600.0,885.0,2000-10-14
948.0,173.0,2.321928094887362,971568000.0,886.0,2000-10-15
955.0,824.0,2.321928094887362,971568000.0,887.0,2000-10-15
906.0,137.0,2.0,971654400.0,888.0,2000-10-16
934.0,956.0,2.0,971654400.0,889.0,2000-10-16
934.0,952.0,2.0,971654400.0,890.0,2000-10-16
906.0,138.0,1.584962500721156,971654400.0,891.0,2000-10-16
934.0,860.0,2.0,971654400.0,892.0,2000-10-16
39.0,957.0,2.0,971740800.0,893.0,2000-10-17
958.0,489.0,2.321928094887362,971740800.0,894.0,2000-10-17
934.0,959.0,2.321928094887362,971740800.0,895.0,2000-10-17
788.0,350.0,2.0,971740800.0,896.0,2000-10-17
960.0,63.0,2.321928094887362,971827200.0,897.0,2000-10-18
961.0,345.0,2.321928094887362,971827200.0,898.0,2000-10-18
962.0,752.0,2.321928094887362,971913600.0,899.0,2000-10-19
679.0,963.0,2.0,971913600.0,900.0,2000-10-19
245.0,964.0,1.584962500721156,972000000.0,901.0,2000-10-20
965.0,966.0,1.584962500721156,972000000.0,902.0,2000-10-20
245.0,967.0,2.0,972000000.0,903.0,2000-10-20
968.0,778.0,1.0,972000000.0,904.0,2000-10-20
941.0,78.0,2.321928094887362,972086400.0,905.0,2000-10-21
347.0,350.0,2.0,972086400.0,906.0,2000-10-21
948.0,969.0,2.321928094887362,972086400.0,907.0,2000-10-21
347.0,970.0,2.321928094887362,972086400.0,908.0,2000-10-21
948.0,971.0,2.321928094887362,972086400.0,909.0,2000-10-21
972.0,325.0,2.321928094887362,972172800.0,910.0,2000-10-22
858.0,973.0,2.0,972259200.0,911.0,2000-10-23
934.0,526.0,2.321928094887362,972259200.0,912.0,2000-10-23
968.0,432.0,2.321928094887362,972259200.0,913.0,2000-10-23
974.0,975.0,2.321928094887362,972259200.0,914.0,2000-10-23
858.0,503.0,2.321928094887362,972259200.0,915.0,2000-10-23
976.0,977.0,2.0,972259200.0,916.0,2000-10-23
978.0,432.0,2.321928094887362,972345600.0,917.0,2000-10-24
979.0,657.0,2.0,972345600.0,918.0,2000-10-24
980.0,463.0,1.584962500721156,972345600.0,919.0,2000-10-24
981.0,982.0,2.321928094887362,972345600.0,920.0,2000-10-24
983.0,345.0,2.0,972432000.0,921.0,2000-10-25
760.0,984.0,2.321928094887362,972432000.0,922.0,2000-10-25
406.0,985.0,2.0,972432000.0,923.0,2000-10-25
986.0,987.0,2.0,972432000.0,924.0,2000-10-25
760.0,477.0,2.321928094887362,972432000.0,925.0,2000-10-25
986.0,988.0,2.0,972432000.0,926.0,2000-10-25
98.0,629.0,2.0,972432000.0,927.0,2000-10-25
989.0,98.0,2.0,972518400.0,928.0,2000-10-26
990.0,991.0,1.0,972518400.0,929.0,2000-10-26
980.0,992.0,2.0,972604800.0,930.0,2000-10-27
993.0,994.0,2.321928094887362,972604800.0,931.0,2000-10-27
906.0,690.0,2.0,972604800.0,932.0,2000-10-27
565.0,995.0,2.321928094887362,972691200.0,933.0,2000-10-28
679.0,996.0,2.0,972691200.0,934.0,2000-10-28
565.0,997.0,2.321928094887362,972691200.0,935.0,2000-10-28
760.0,959.0,2.321928094887362,972691200.0,936.0,2000-10-28
998.0,999.0,2.0,972691200.0,937.0,2000-10-28
383.0,1000.0,1.584962500721156,972777600.0,938.0,2000-10-29
1001.0,1002.0,2.321928094887362,972777600.0,939.0,2000-10-29
245.0,521.0,2.321928094887362,972777600.0,940.0,2000-10-29
1003.0,1004.0,1.584962500721156,972864000.0,941.0,2000-10-30
906.0,1005.0,2.0,972864000.0,942.0,2000-10-30
1006.0,295.0,2.321928094887362,972864000.0,943.0,2000-10-30
1007.0,987.0,1.0,972950400.0,944.0,2000-10-31
986.0,1008.0,2.0,972950400.0,945.0,2000-10-31
986.0,1009.0,2.0,972950400.0,946.0,2000-10-31
1007.0,988.0,1.0,972950400.0,947.0,2000-10-31
1010.0,1011.0,2.321928094887362,973036800.0,948.0,2000-11-01
1012.0,872.0,2.0,973036800.0,949.0,2000-11-01
1001.0,1013.0,2.321928094887362,973123200.0,950.0,2000-11-02
286.0,562.0,2.321928094887362,973123200.0,951.0,2000-11-02
1014.0,123.0,2.0,973123200.0,952.0,2000-11-02
1015.0,612.0,1.0,973123200.0,953.0,2000-11-02
1016.0,1017.0,1.584962500721156,973209600.0,954.0,2000-11-03
172.0,1018.0,2.321928094887362,973209600.0,955.0,2000-11-03
934.0,1019.0,2.321928094887362,973209600.0,956.0,2000-11-03
1020.0,1021.0,2.0,973296000.0,957.0,2000-11-04
1020.0,997.0,2.321928094887362,973296000.0,958.0,2000-11-04
1022.0,1023.0,1.0,973296000.0,959.0,2000-11-04
1024.0,954.0,2.321928094887362,973382400.0,960.0,2000-11-05
934.0,1025.0,2.321928094887362,973382400.0,961.0,2000-11-05
393.0,1026.0,2.321928094887362,973382400.0,962.0,2000-11-05
1027.0,1028.0,2.0,973382400.0,963.0,2000-11-05
1029.0,325.0,1.584962500721156,973468800.0,964.0,2000-11-06
1029.0,785.0,1.584962500721156,973468800.0,965.0,2000-11-06
1029.0,690.0,1.584962500721156,973468800.0,966.0,2000-11-06
1030.0,426.0,2.321928094887362,973468800.0,967.0,2000-11-06
1029.0,685.0,1.584962500721156,973468800.0,968.0,2000-11-06
1029.0,1031.0,1.584962500721156,973468800.0,969.0,2000-11-06
1029.0,80.0,1.584962500721156,973468800.0,970.0,2000-11-06
1001.0,1032.0,2.321928094887362,973468800.0,971.0,2000-11-06
1001.0,1032.0,2.321928094887362,973468800.0,972.0,2000-11-06
1033.0,567.0,1.584962500721156,973555200.0,973.0,2000-11-07
903.0,1034.0,2.321928094887362,973641600.0,974.0,2000-11-08
1035.0,745.0,2.321928094887362,973641600.0,975.0,2000-11-08
558.0,949.0,2.0,973641600.0,976.0,2000-11-08
558.0,1008.0,1.584962500721156,973641600.0,977.0,2000-11-08
679.0,926.0,2.321928094887362,973641600.0,978.0,2000-11-08
1036.0,1037.0,0.0,973728000.0,979.0,2000-11-09
1038.0,1039.0,2.0,973728000.0,980.0,2000-11-09
1040.0,1041.0,2.0,973728000.0,981.0,2000-11-09
934.0,635.0,2.0,973814400.0,982.0,2000-11-10
934.0,78.0,2.321928094887362,973814400.0,983.0,2000-11-10
1042.0,1043.0,2.321928094887362,973814400.0,984.0,2000-11-10
1044.0,345.0,2.321928094887362,973900800.0,985.0,2000-11-11
679.0,533.0,2.321928094887362,973900800.0,986.0,2000-11-11
1045.0,957.0,2.0,973900800.0,987.0,2000-11-11
1046.0,345.0,0.0,973900800.0,988.0,2000-11-11
294.0,1047.0,1.584962500721156,973900800.0,989.0,2000-11-11
550.0,1048.0,0.0,973900800.0,990.0,2000-11-11
1049.0,98.0,1.584962500721156,973987200.0,991.0,2000-11-12
1050.0,982.0,2.321928094887362,973987200.0,992.0,2000-11-12
347.0,959.0,2.321928094887362,973987200.0,993.0,2000-11-12
893.0,187.0,2.321928094887362,974073600.0,994.0,2000-11-13
558.0,1051.0,2.0,974073600.0,995.0,2000-11-13
934.0,350.0,2.321928094887362,974073600.0,996.0,2000-11-13
501.0,78.0,2.0,974160000.0,997.0,2000-11-14
403.0,957.0,2.321928094887362,974160000.0,998.0,2000-11-14
1052.0,562.0,2.0,974160000.0,999.0,2000-11-14
613.0,1053.0,2.0,974246400.0,1000.0,2000-11-15
